Date,USDIDR,GDP,CPI,Birepo,USDIDRgrowth,Unemployment,GDP_lag1Q,CPI_lag1Q,Birepo_lag1Q,USDIDRgrowth_lag1Q,Unemployment_lag1Q,GDP_lag2Q,CPI_lag2Q,Birepo_lag2Q,USDIDRgrowth_lag2Q,Unemployment_lag2Q,GDP_lag3Q,CPI_lag3Q,Birepo_lag3Q,USDIDRgrowth_lag3Q,Unemployment_lag3Q,delta_GDP,delta_CPI,delta_Birepo,delta_USDIDRgrowth,delta_Unemployment,delta_GDP_lag1Q,delta_CPI_lag1Q,delta_Birepo_lag1Q,delta_USDIDRgrowth_lag1Q,delta_Unemployment_lag1Q,delta_GDP_lag2Q,delta_CPI_lag2Q,delta_Birepo_lag2Q,delta_USDIDRgrowth_lag2Q,delta_Unemployment_lag2Q,delta_GDP_lag3Q,delta_CPI_lag3Q,delta_Birepo_lag3Q,delta_USDIDRgrowth_lag3Q,delta_Unemployment_lag3Q,Birepo_lag4Q,Birepo_lag3Q v2
12/31/2015,13788,5.15,3.35,,0.113012593,6.18,4.78,6.83,0,0.202248113,6.18,4.74,7.26,0,0.123284211,5.81,4.83,6.38,0,0.150778981,5.81,0.1,-5.01,0,0.095183327,0.24,-0.15,2.3,0,0.133687706,0.24,-0.2,0.56,0,-0.063740979,0.11,-0.29,-0.94,0,-0.016247213,0.11,0,0
1/29/2016,13778,5.15,4.14,,0.08727904,6.18,4.78,6.25,0,0.132312784,6.18,4.74,7.26,0,0.169170984,5.81,4.83,6.79,0,0.121172807,5.81,0.1,-2.82,0,0.049696137,0.24,-0.15,1.42,0,0.060377358,0.24,-0.2,2.73,0,0.040185901,0.11,-0.29,-0.46,0,-0.066622549,0.11,0,0
2/29/2016,13375,5.15,4.42,,0.034256109,6.18,4.78,4.89,0,0.134442078,6.18,4.74,7.18,0,0.203336185,5.81,4.83,7.15,0,0.132579651,5.81,0.1,-1.87,0,-0.079611247,0.24,-0.15,-1.34,0,0.114299997,0.24,-0.2,3.19,0,0.15809298,0.11,-0.29,-0.17,0,-0.049560675,0.11,0,0
3/31/2016,13239,4.94,4.45,,0.012620468,5.5,5.15,3.35,0,0.113012593,6.18,4.78,6.83,0,0.202248113,6.18,4.74,7.26,0,0.123284211,5.81,0.11,-1.93,0,-0.138158513,-0.31,0.1,-5.01,0,0.095183327,0.24,-0.15,2.3,0,0.133687706,0.24,-0.2,0.56,0,-0.063740979,0.11,0,0
4/29/2016,13180,4.94,3.6,5.5,0.016739952,5.5,5.15,4.14,0,0.08727904,6.18,4.78,6.25,0,0.132312784,6.18,4.74,7.26,0,0.169170984,5.81,0.11,-3.19,5.5,-0.104432855,-0.31,0.1,-2.82,0,0.049696137,0.24,-0.15,1.42,0,0.060377358,0.24,-0.2,2.73,0,0.040185901,0.11,0,0
5/31/2016,13648,4.94,3.33,5.5,0.032062916,5.5,5.15,4.42,0,0.034256109,6.18,4.78,4.89,0,0.134442078,6.18,4.74,7.18,0,0.203336185,5.81,0.11,-3.82,5.5,-0.100516735,-0.31,0.1,-1.87,0,-0.079611247,0.24,-0.15,-1.34,0,0.114299997,0.24,-0.2,3.19,0,0.15809298,0.11,0,0
6/30/2016,13210,5.21,3.45,5.25,-0.00967089,5.5,4.94,4.45,0,0.012620468,5.5,5.15,3.35,0,0.113012593,6.18,4.78,6.83,0,0.202248113,6.18,0.47,-3.81,5.25,-0.1329551,-0.31,0.11,-1.93,0,-0.138158513,-0.31,0.1,-5.01,0,0.095183327,0.24,-0.15,2.3,0,0.133687706,0.24,0,0
7/29/2016,13112,5.21,3.21,5.25,-0.031538518,5.5,4.94,3.6,5.5,0.016739952,5.5,5.15,4.14,0,0.08727904,6.18,4.78,6.25,0,0.132312784,6.18,0.47,-4.05,5.25,-0.200709503,-0.31,0.11,-3.19,5.5,-0.104432855,-0.31,0.1,-2.82,0,0.049696137,0.24,-0.15,1.42,0,0.060377358,0.24,0,0
8/31/2016,13270,5.21,2.79,5.25,-0.056657425,5.5,4.94,3.33,5.5,0.032062916,5.5,5.15,4.42,0,0.034256109,6.18,4.78,4.89,0,0.134442078,6.18,0.47,-4.39,5.25,-0.25999361,-0.31,0.11,-3.82,5.5,-0.100516735,-0.31,0.1,-1.87,0,-0.079611247,0.24,-0.15,-1.34,0,0.114299997,0.24,0,0
9/30/2016,13042,5.03,3.07,5,-0.109943356,5.61,5.21,3.45,5.25,-0.00967089,5.5,4.94,4.45,0,0.012620468,5.5,5.15,3.35,0,0.113012593,6.18,0.25,-3.76,5,-0.312191469,-0.57,0.47,-3.81,5.25,-0.1329551,-0.31,0.11,-1.93,0,-0.138158513,-0.31,0.1,-5.01,0,0.095183327,0.24,0,0
10/31/2016,13048,5.03,3.31,4.75,-0.046477638,5.61,5.21,3.21,5.25,-0.031538518,5.5,4.94,3.6,5.5,0.016739952,5.5,5.15,4.14,0,0.08727904,6.18,0.25,-2.94,4.75,-0.178790423,-0.57,0.47,-4.05,5.25,-0.200709503,-0.31,0.11,-3.19,5.5,-0.104432855,-0.31,0.1,-2.82,0,0.049696137,0.24,0,0
11/30/2016,13555,5.03,3.58,4.75,-0.0210876,5.61,5.21,2.79,5.25,-0.056657425,5.5,4.94,3.33,5.5,0.032062916,5.5,5.15,4.42,0,0.034256109,6.18,0.25,-1.31,4.75,-0.155529678,-0.57,0.47,-4.39,5.25,-0.25999361,-0.31,0.11,-3.82,5.5,-0.100516735,-0.31,0.1,-1.87,0,-0.079611247,0.24,0,0
12/30/2016,13473,4.94,3.02,4.75,-0.022845953,5.61,5.03,3.07,5,-0.109943356,5.61,5.21,3.45,5.25,-0.00967089,5.5,4.94,4.45,0,0.012620468,5.5,-0.21,-0.33,4.75,-0.135858546,-0.57,0.25,-3.76,5,-0.312191469,-0.57,0.47,-3.81,5.25,-0.1329551,-0.31,0.11,-1.93,0,-0.138158513,-0.31,0,0
1/31/2017,13369,4.94,3.49,4.75,-0.029685005,5.61,5.03,3.31,4.75,-0.046477638,5.61,5.21,3.21,5.25,-0.031538518,5.5,4.94,3.6,5.5,0.016739952,5.5,-0.21,-0.65,4.75,-0.116964045,-0.57,0.25,-2.94,4.75,-0.178790423,-0.57,0.47,-4.05,5.25,-0.200709503,-0.31,0.11,-3.19,5.5,-0.104432855,-0.31,5.5,5.5
2/28/2017,13338,4.94,3.83,4.75,-0.002766355,5.61,5.03,3.58,4.75,-0.0210876,5.61,5.21,2.79,5.25,-0.056657425,5.5,4.94,3.33,5.5,0.032062916,5.5,-0.21,-0.59,4.75,-0.037022464,-0.57,0.25,-1.31,4.75,-0.155529678,-0.57,0.47,-4.39,5.25,-0.25999361,-0.31,0.11,-3.82,5.5,-0.100516735,-0.31,5.5,5.5
3/31/2017,13322,5.01,3.61,4.75,0.006269356,5.33,4.94,3.02,4.75,-0.022845953,5.61,5.03,3.07,5,-0.109943356,5.61,5.21,3.45,5.25,-0.00967089,5.5,0.07,-0.84,4.75,-0.006351112,-0.17,-0.21,-0.33,4.75,-0.135858546,-0.57,0.25,-3.76,5,-0.312191469,-0.57,0.47,-3.81,5.25,-0.1329551,-0.31,5.25,5.25
4/28/2017,13329,5.01,4.17,4.75,0.011305008,5.33,4.94,3.49,4.75,-0.029685005,5.61,5.03,3.31,4.75,-0.046477638,5.61,5.21,3.21,5.25,-0.031538518,5.5,0.07,0.57,-0.75,-0.005434945,-0.17,-0.21,-0.65,4.75,-0.116964045,-0.57,0.25,-2.94,4.75,-0.178790423,-0.57,0.47,-4.05,5.25,-0.200709503,-0.31,5.25,5.25
5/31/2017,13323,5.01,4.33,4.75,-0.023813013,5.33,4.94,3.83,4.75,-0.002766355,5.61,5.03,3.58,4.75,-0.0210876,5.61,5.21,2.79,5.25,-0.056657425,5.5,0.07,1,-0.75,-0.055875929,-0.17,-0.21,-0.59,4.75,-0.037022464,-0.57,0.25,-1.31,4.75,-0.155529678,-0.57,0.47,-4.39,5.25,-0.25999361,-0.31,5.25,5.25
6/30/2017,13348,5.01,4.37,4.75,0.010446631,5.33,5.01,3.61,4.75,0.006269356,5.33,4.94,3.02,4.75,-0.022845953,5.61,5.03,3.07,5,-0.109943356,5.61,-0.2,0.92,-0.5,0.020117521,-0.17,0.07,-0.84,4.75,-0.006351112,-0.17,-0.21,-0.33,4.75,-0.135858546,-0.57,0.25,-3.76,5,-0.312191469,-0.57,5,5
7/31/2017,13325,5.01,3.88,4.75,0.016244661,5.33,5.01,4.17,4.75,0.011305008,5.33,4.94,3.49,4.75,-0.029685005,5.61,5.03,3.31,4.75,-0.046477638,5.61,-0.2,0.67,-0.5,0.04778318,-0.17,0.07,0.57,-0.75,-0.005434945,-0.17,-0.21,-0.65,4.75,-0.116964045,-0.57,0.25,-2.94,4.75,-0.178790423,-0.57,4.75,4.75
8/31/2017,13342,5.01,3.82,4.5,0.005425772,5.33,5.01,4.33,4.75,-0.023813013,5.33,4.94,3.83,4.75,-0.002766355,5.61,5.03,3.58,4.75,-0.0210876,5.61,-0.2,1.03,-0.75,0.062083198,-0.17,0.07,1,-0.75,-0.055875929,-0.17,-0.21,-0.59,4.75,-0.037022464,-0.57,0.25,-1.31,4.75,-0.155529678,-0.57,4.75,4.75
9/29/2017,13472,5.06,3.72,4.25,0.032970403,5.5,5.01,4.37,4.75,0.010446631,5.33,5.01,3.61,4.75,0.006269356,5.33,4.94,3.02,4.75,-0.022845953,5.61,0.03,0.65,-0.75,0.14291376,-0.11,-0.2,0.92,-0.5,0.020117521,-0.17,0.07,-0.84,4.75,-0.006351112,-0.17,-0.21,-0.33,4.75,-0.135858546,-0.57,4.75,4.75
10/31/2017,13563,5.06,3.58,4.25,0.039469651,5.5,5.01,3.88,4.75,0.016244661,5.33,5.01,4.17,4.75,0.011305008,5.33,4.94,3.49,4.75,-0.029685005,5.61,0.03,0.27,-0.5,0.085947289,-0.11,-0.2,0.67,-0.5,0.04778318,-0.17,0.07,0.57,-0.75,-0.005434945,-0.17,-0.21,-0.65,4.75,-0.116964045,-0.57,4.75,4.75
11/30/2017,13526,5.06,3.3,4.25,-0.002139432,5.5,5.01,3.82,4.5,0.005425772,5.33,5.01,4.33,4.75,-0.023813013,5.33,4.94,3.83,4.75,-0.002766355,5.61,0.03,-0.28,-0.5,0.018948168,-0.11,-0.2,1.03,-0.75,0.062083198,-0.17,0.07,1,-0.75,-0.055875929,-0.17,-0.21,-0.59,4.75,-0.037022464,-0.57,4.75,4.75
12/29/2017,13555,5.19,3.61,4.25,0.006086247,5.5,5.06,3.72,4.25,0.032970403,5.5,5.01,4.37,4.75,0.010446631,5.33,5.01,3.61,4.75,0.006269356,5.33,0.25,0.59,-0.5,0.0289322,-0.11,0.03,0.65,-0.75,0.14291376,-0.11,-0.2,0.92,-0.5,0.020117521,-0.17,0.07,-0.84,4.75,-0.006351112,-0.17,4.75,4.75
1/31/2018,13386,5.19,3.25,4.25,0.001271598,5.5,5.06,3.58,4.25,0.039469651,5.5,5.01,3.88,4.75,0.016244661,5.33,5.01,4.17,4.75,0.011305008,5.33,0.25,-0.24,-0.5,0.030956604,-0.11,0.03,0.27,-0.5,0.085947289,-0.11,-0.2,0.67,-0.5,0.04778318,-0.17,0.07,0.57,-0.75,-0.005434945,-0.17,4.75,4.75
2/28/2018,13751,5.19,3.18,4.25,0.030964163,5.5,5.06,3.3,4.25,-0.002139432,5.5,5.01,3.82,4.5,0.005425772,5.33,5.01,4.33,4.75,-0.023813013,5.33,0.25,-0.65,-0.5,0.033730518,-0.11,0.03,-0.28,-0.5,0.018948168,-0.11,-0.2,1.03,-0.75,0.062083198,-0.17,0.07,1,-0.75,-0.055875929,-0.17,4.75,4.75
3/30/2018,13728,5.07,3.4,4.25,0.030475905,5.13,5.19,3.61,4.25,0.006086247,5.5,5.06,3.72,4.25,0.032970403,5.5,5.01,4.37,4.75,0.010446631,5.33,0.06,-0.21,-0.5,0.024206549,-0.2,0.25,0.59,-0.5,0.0289322,-0.11,0.03,0.65,-0.75,0.14291376,-0.11,-0.2,0.92,-0.5,0.020117521,-0.17,4.75,4.75
4/30/2018,13913,5.07,3.41,4.25,0.04381424,5.13,5.19,3.25,4.25,0.001271598,5.5,5.06,3.58,4.25,0.039469651,5.5,5.01,3.88,4.75,0.016244661,5.33,0.06,-0.76,-0.5,0.032509232,-0.2,0.25,-0.24,-0.5,0.030956604,-0.11,0.03,0.27,-0.5,0.085947289,-0.11,-0.2,0.67,-0.5,0.04778318,-0.17,4.75,4.75
5/31/2018,13896,5.07,3.23,4.75,0.043008331,5.13,5.19,3.18,4.25,0.030964163,5.5,5.06,3.3,4.25,-0.002139432,5.5,5.01,3.82,4.5,0.005425772,5.33,0.06,-1.1,0,0.066821344,-0.2,0.25,-0.65,-0.5,0.033730518,-0.11,0.03,-0.28,-0.5,0.018948168,-0.11,-0.2,1.03,-0.75,0.062083198,-0.17,4.5,4.5
6/29/2018,14330,5.27,3.12,5.25,0.073569074,5.13,5.07,3.4,4.25,0.030475905,5.13,5.19,3.61,4.25,0.006086247,5.5,5.06,3.72,4.25,0.032970403,5.5,0.26,-1.25,0.5,0.063122443,-0.2,0.06,-0.21,-0.5,0.024206549,-0.2,0.25,0.59,-0.5,0.0289322,-0.11,0.03,0.65,-0.75,0.14291376,-0.11,4.25,4.25
7/31/2018,14414,5.27,3.18,5.25,0.081726079,5.13,5.07,3.41,4.25,0.04381424,5.13,5.19,3.25,4.25,0.001271598,5.5,5.06,3.58,4.25,0.039469651,5.5,0.26,-0.7,0.5,0.065481417,-0.2,0.06,-0.76,-0.5,0.032509232,-0.2,0.25,-0.24,-0.5,0.030956604,-0.11,0.03,0.27,-0.5,0.085947289,-0.11,4.25,4.25
8/31/2018,14710,5.27,3.2,5.5,0.102533353,5.13,5.07,3.23,4.75,0.043008331,5.13,5.19,3.18,4.25,0.030964163,5.5,5.06,3.3,4.25,-0.002139432,5.5,0.26,-0.62,1,0.097107581,-0.2,0.06,-1.1,0,0.066821344,-0.2,0.25,-0.65,-0.5,0.033730518,-0.11,0.03,-0.28,-0.5,0.018948168,-0.11,4.25,4.25
9/28/2018,14903,5.17,2.88,5.75,0.106220309,5.3,5.27,3.12,5.25,0.073569074,5.13,5.07,3.4,4.25,0.030475905,5.13,5.19,3.61,4.25,0.006086247,5.5,0.11,-0.84,1.5,0.073249905,-0.2,0.26,-1.25,0.5,0.063122443,-0.2,0.06,-0.21,-0.5,0.024206549,-0.2,0.25,0.59,-0.5,0.0289322,-0.11,4.25,4.25
10/31/2018,15203,5.17,3.16,5.75,0.120917201,5.3,5.27,3.18,5.25,0.081726079,5.13,5.07,3.41,4.25,0.04381424,5.13,5.19,3.25,4.25,0.001271598,5.5,0.11,-0.42,1.5,0.081447551,-0.2,0.26,-0.7,0.5,0.065481417,-0.2,0.06,-0.76,-0.5,0.032509232,-0.2,0.25,-0.24,-0.5,0.030956604,-0.11,4.25,4.25
11/30/2018,14302,5.17,3.23,6,0.057370989,5.3,5.27,3.2,5.5,0.102533353,5.13,5.07,3.23,4.75,0.043008331,5.13,5.19,3.18,4.25,0.030964163,5.5,0.11,-0.07,1.75,0.059510421,-0.2,0.26,-0.62,1,0.097107581,-0.2,0.06,-1.1,0,0.066821344,-0.2,0.25,-0.65,-0.5,0.033730518,-0.11,4.25,4.25
12/31/2018,14390,5.18,3.13,6,0.061600885,5.3,5.17,2.88,5.75,0.106220309,5.3,5.27,3.12,5.25,0.073569074,5.13,5.07,3.4,4.25,0.030475905,5.13,-0.01,-0.48,1.75,0.055514639,-0.2,0.11,-0.84,1.5,0.073249905,-0.2,0.26,-1.25,0.5,0.063122443,-0.2,0.06,-0.21,-0.5,0.024206549,-0.2,4.25,4.25
1/31/2019,13973,5.18,2.82,6,0.043851785,5.3,5.17,3.16,5.75,0.120917201,5.3,5.27,3.18,5.25,0.081726079,5.13,5.07,3.41,4.25,0.04381424,5.13,-0.01,-0.43,1.75,0.042580187,-0.2,0.11,-0.42,1.5,0.081447551,-0.2,0.26,-0.7,0.5,0.065481417,-0.2,0.06,-0.76,-0.5,0.032509232,-0.2,4.25,4.25
2/28/2019,14069,5.18,2.66,6,0.023125591,5.3,5.17,3.23,6,0.057370989,5.3,5.27,3.2,5.5,0.102533353,5.13,5.07,3.23,4.75,0.043008331,5.13,-0.01,-0.52,1.75,-0.007838572,-0.2,0.11,-0.07,1.75,0.059510421,-0.2,0.26,-0.62,1,0.097107581,-0.2,0.06,-1.1,0,0.066821344,-0.2,4.75,4.75
3/29/2019,14243,5.06,2.53,6,0.037514569,5.01,5.18,3.13,6,0.061600885,5.3,5.17,2.88,5.75,0.106220309,5.3,5.27,3.12,5.25,0.073569074,5.13,-0.01,-0.87,1.75,0.007038664,-0.12,-0.01,-0.48,1.75,0.055514639,-0.2,0.11,-0.84,1.5,0.073249905,-0.2,0.26,-1.25,0.5,0.063122443,-0.2,5.25,5.25
4/30/2019,14257,5.06,2.78,6,0.024725077,5.01,5.18,2.82,6,0.043851785,5.3,5.17,3.16,5.75,0.120917201,5.3,5.27,3.18,5.25,0.081726079,5.13,-0.01,-0.63,1.75,-0.019089162,-0.12,-0.01,-0.43,1.75,0.042580187,-0.2,0.11,-0.42,1.5,0.081447551,-0.2,0.26,-0.7,0.5,0.065481417,-0.2,5.25,5.25
5/31/2019,14269,5.06,3.06,6,0.026842257,5.01,5.18,2.66,6,0.023125591,5.3,5.17,3.23,6,0.057370989,5.3,5.27,3.2,5.5,0.102533353,5.13,-0.01,-0.17,1.25,-0.016166075,-0.12,-0.01,-0.52,1.75,-0.007838572,-0.2,0.11,-0.07,1.75,0.059510421,-0.2,0.26,-0.62,1,0.097107581,-0.2,5.5,5.5
6/28/2019,14126,5.05,2.84,6,-0.014235869,5.01,5.06,2.53,6,0.037514569,5.01,5.18,3.13,6,0.061600885,5.3,5.17,2.88,5.75,0.106220309,5.3,-0.22,-0.28,0.75,-0.087804943,-0.12,-0.01,-0.87,1.75,0.007038664,-0.12,-0.01,-0.48,1.75,0.055514639,-0.2,0.11,-0.84,1.5,0.073249905,-0.2,5.75,5.75
7/31/2019,14022,5.05,2.82,5.75,-0.027195782,5.01,5.06,2.78,6,0.024725077,5.01,5.18,2.82,6,0.043851785,5.3,5.17,3.16,5.75,0.120917201,5.3,-0.22,-0.36,0.5,-0.108921861,-0.12,-0.01,-0.63,1.75,-0.019089162,-0.12,-0.01,-0.43,1.75,0.042580187,-0.2,0.11,-0.42,1.5,0.081447551,-0.2,5.75,5.75
8/30/2019,14198,5.05,3.06,5.5,-0.034806254,5.01,5.06,3.06,6,0.026842257,5.01,5.18,2.66,6,0.023125591,5.3,5.17,3.23,6,0.057370989,5.3,-0.22,-0.14,0,-0.137339608,-0.12,-0.01,-0.17,1.25,-0.016166075,-0.12,-0.01,-0.52,1.75,-0.007838572,-0.2,0.11,-0.07,1.75,0.059510421,-0.2,6,6
9/30/2019,14195,5.01,3.12,5.25,-0.047507213,5.23,5.05,2.84,6,-0.014235869,5.01,5.06,2.53,6,0.037514569,5.01,5.18,3.13,6,0.061600885,5.3,-0.16,0.24,-0.5,-0.153727522,-0.07,-0.22,-0.28,0.75,-0.087804943,-0.12,-0.01,-0.87,1.75,0.007038664,-0.12,-0.01,-0.48,1.75,0.055514639,-0.2,6,6
10/31/2019,14043,5.01,2.86,5,-0.07630073,5.23,5.05,2.82,5.75,-0.027195782,5.01,5.06,2.78,6,0.024725077,5.01,5.18,2.82,6,0.043851785,5.3,-0.16,-0.3,-0.75,-0.197217931,-0.07,-0.22,-0.36,0.5,-0.108921861,-0.12,-0.01,-0.63,1.75,-0.019089162,-0.12,-0.01,-0.43,1.75,0.042580187,-0.2,6,6
11/29/2019,14108,5.01,2.7,5,-0.013564536,5.23,5.05,3.06,5.5,-0.034806254,5.01,5.06,3.06,6,0.026842257,5.01,5.18,2.66,6,0.023125591,5.3,-0.16,-0.53,-1,-0.070935526,-0.07,-0.22,-0.14,0,-0.137339608,-0.12,-0.01,-0.17,1.25,-0.016166075,-0.12,-0.01,-0.52,1.75,-0.007838572,-0.2,6,6
12/31/2019,13866,4.96,2.59,5,-0.036414177,5.23,5.01,3.12,5.25,-0.047507213,5.23,5.05,2.84,6,-0.014235869,5.01,5.06,2.53,6,0.037514569,5.01,-0.22,-0.54,-1,-0.098015062,-0.07,-0.16,0.24,-0.5,-0.153727522,-0.07,-0.22,-0.28,0.75,-0.087804943,-0.12,-0.01,-0.87,1.75,0.007038664,-0.12,6,6
1/31/2020,13655,4.96,2.68,5,-0.022758176,5.23,5.01,2.86,5,-0.07630073,5.23,5.05,2.82,5.75,-0.027195782,5.01,5.06,2.78,6,0.024725077,5.01,-0.22,-0.14,-1,-0.066609962,-0.07,-0.16,-0.3,-0.75,-0.197217931,-0.07,-0.22,-0.36,0.5,-0.108921861,-0.12,-0.01,-0.63,1.75,-0.019089162,-0.12,6,6
2/28/2020,14318,4.96,2.98,4.75,0.017698486,5.23,5.01,2.7,5,-0.013564536,5.23,5.05,3.06,5.5,-0.034806254,5.01,5.06,3.06,6,0.026842257,5.01,-0.22,0.32,-1.25,-0.005427105,-0.07,-0.16,-0.53,-1,-0.070935526,-0.07,-0.22,-0.14,0,-0.137339608,-0.12,-0.01,-0.17,1.25,-0.016166075,-0.12,6,6
3/31/2020,16310,2.97,2.96,4.5,0.145123921,4.94,4.96,2.59,5,-0.036414177,5.23,5.01,3.12,5.25,-0.047507213,5.23,5.05,2.84,6,-0.014235869,5.01,-2.09,0.43,-1.5,0.107609352,-0.07,-0.22,-0.54,-1,-0.098015062,-0.07,-0.16,0.24,-0.5,-0.153727522,-0.07,-0.22,-0.28,0.75,-0.087804943,-0.12,6,6
4/30/2020,14882,2.97,2.67,4.5,0.043838115,4.94,4.96,2.68,5,-0.022758176,5.23,5.01,2.86,5,-0.07630073,5.23,5.05,2.82,5.75,-0.027195782,5.01,-2.09,-0.11,-1.5,0.019113037,-0.07,-0.22,-0.14,-1,-0.066609962,-0.07,-0.16,-0.3,-0.75,-0.197217931,-0.07,-0.22,-0.36,0.5,-0.108921861,-0.12,5.75,5.75
5/29/2020,14610,2.97,2.19,4.5,0.023897961,4.94,4.96,2.98,4.75,0.017698486,5.23,5.01,2.7,5,-0.013564536,5.23,5.05,3.06,5.5,-0.034806254,5.01,-2.09,-0.87,-1.5,-0.002944296,-0.07,-0.22,0.32,-1.25,-0.005427105,-0.07,-0.16,-0.53,-1,-0.070935526,-0.07,-0.22,-0.14,0,-0.137339608,-0.12,5.5,5.5
6/30/2020,14265,-5.32,1.96,4.25,0.009840011,4.94,2.97,2.96,4.5,0.145123921,4.94,4.96,2.59,5,-0.036414177,5.23,5.01,3.12,5.25,-0.047507213,5.23,-10.37,-0.88,-1.75,0.02407588,-0.07,-2.09,0.43,-1.5,0.107609352,-0.07,-0.22,-0.54,-1,-0.098015062,-0.07,-0.16,0.24,-0.5,-0.153727522,-0.07,5.25,5.25
7/31/2020,14600,-5.32,1.54,4,0.041220939,4.94,2.97,2.67,4.5,0.043838115,4.94,4.96,2.68,5,-0.022758176,5.23,5.01,2.86,5,-0.07630073,5.23,-10.37,-1.28,-1.75,0.06841672,-0.07,-2.09,-0.11,-1.5,0.019113037,-0.07,-0.22,-0.14,-1,-0.066609962,-0.07,-0.16,-0.3,-0.75,-0.197217931,-0.07,5,5
8/31/2020,14563,-5.32,1.32,4,0.025707846,4.94,2.97,2.19,4.5,0.023897961,4.94,4.96,2.98,4.75,0.017698486,5.23,5.01,2.7,5,-0.013564536,5.23,-10.37,-1.74,-1.5,0.0605141,-0.07,-2.09,-0.87,-1.5,-0.002944296,-0.07,-0.22,0.32,-1.25,-0.005427105,-0.07,-0.16,-0.53,-1,-0.070935526,-0.07,5,5
9/30/2020,14880,-3.49,1.42,4,0.048256428,7.07,-5.32,1.96,4.25,0.009840011,4.94,2.97,2.96,4.5,0.145123921,4.94,4.96,2.59,5,-0.036414177,5.23,-8.5,-1.7,-1.25,0.095763642,1.84,-10.37,-0.88,-1.75,0.02407588,-0.07,-2.09,0.43,-1.5,0.107609352,-0.07,-0.22,-0.54,-1,-0.098015062,-0.07,5,5
10/31/2020,14625,-3.49,1.44,4,0.041444136,7.07,-5.32,1.54,4,0.041220939,4.94,2.97,2.67,4.5,0.043838115,4.94,4.96,2.68,5,-0.022758176,5.23,-8.5,-1.42,-1,0.117744866,1.84,-10.37,-1.28,-1.75,0.06841672,-0.07,-2.09,-0.11,-1.5,0.019113037,-0.07,-0.22,-0.14,-1,-0.066609962,-0.07,5,5
11/30/2020,14120,-3.49,1.59,3.75,0.000850581,7.07,-5.32,1.32,4,0.025707846,4.94,2.97,2.19,4.5,0.023897961,4.94,4.96,2.98,4.75,0.017698486,5.23,-8.5,-1.11,-1.25,0.014415118,1.84,-10.37,-1.74,-1.5,0.0605141,-0.07,-2.09,-0.87,-1.5,-0.002944296,-0.07,-0.22,0.32,-1.25,-0.005427105,-0.07,4.75,4.75
12/31/2020,14050,-2.17,1.68,3.75,0.013269869,7.07,-3.49,1.42,4,0.048256428,7.07,-5.32,1.96,4.25,0.009840011,4.94,2.97,2.96,4.5,0.145123921,4.94,-7.13,-0.91,-1.25,0.049684045,1.84,-8.5,-1.7,-1.25,0.095763642,1.84,-10.37,-0.88,-1.75,0.02407588,-0.07,-2.09,0.43,-1.5,0.107609352,-0.07,4.5,4.5
1/31/2021,14030,-2.17,1.55,3.75,0.027462468,7.07,-3.49,1.44,4,0.041444136,7.07,-5.32,1.54,4,0.041220939,4.94,2.97,2.67,4.5,0.043838115,4.94,-7.13,-1.13,-1.25,0.050220644,1.84,-8.5,-1.42,-1,0.117744866,1.84,-10.37,-1.28,-1.75,0.06841672,-0.07,-2.09,-0.11,-1.5,0.019113037,-0.07,4.5,4.5
2/28/2021,14235,-2.17,1.38,3.5,-0.005796899,7.07,-3.49,1.59,3.75,0.000850581,7.07,-5.32,1.32,4,0.025707846,4.94,2.97,2.19,4.5,0.023897961,4.94,-7.13,-1.6,-1.25,-0.023495385,1.84,-8.5,-1.11,-1.25,0.014415118,1.84,-10.37,-1.74,-1.5,0.0605141,-0.07,-2.09,-0.87,-1.5,-0.002944296,-0.07,4.5,4.5
3/31/2021,14525,-0.7,1.37,3.5,-0.10944206,7.07,-2.17,1.68,3.75,0.013269869,7.07,-3.49,1.42,4,0.048256428,7.07,-5.32,1.96,4.25,0.009840011,4.94,-3.67,-1.59,-1,-0.254565981,2.13,-7.13,-0.91,-1.25,0.049684045,1.84,-8.5,-1.7,-1.25,0.095763642,1.84,-10.37,-0.88,-1.75,0.02407588,-0.07,4.25,4.25
4/30/2021,14445,-0.7,1.42,3.5,-0.029364333,7.07,-2.17,1.55,3.75,0.027462468,7.07,-3.49,1.44,4,0.041444136,7.07,-5.32,1.54,4,0.041220939,4.94,-3.67,-1.25,-1,-0.073202447,2.13,-7.13,-1.13,-1.25,0.050220644,1.84,-8.5,-1.42,-1,0.117744866,1.84,-10.37,-1.28,-1.75,0.06841672,-0.07,4,4
5/31/2021,14280,-0.7,1.68,3.5,-0.022587269,7.07,-2.17,1.38,3.5,-0.005796899,7.07,-3.49,1.59,3.75,0.000850581,7.07,-5.32,1.32,4,0.025707846,4.94,-3.67,-0.51,-1,-0.04648523,2.13,-7.13,-1.6,-1.25,-0.023495385,1.84,-8.5,-1.11,-1.25,0.014415118,1.84,-10.37,-1.74,-1.5,0.0605141,-0.07,4,4
6/30/2021,14500,7.07,1.33,3.5,0.016473887,7.07,-0.7,1.37,3.5,-0.10944206,7.07,-2.17,1.68,3.75,0.013269869,7.07,-3.49,1.42,4,0.048256428,7.07,12.39,-0.63,-0.75,0.006633876,2.13,-3.67,-1.59,-1,-0.254565981,2.13,-7.13,-0.91,-1.25,0.049684045,1.84,-8.5,-1.7,-1.25,0.095763642,1.84,4,4
7/31/2021,14463,7.07,1.52,3.5,-0.009383562,7.07,-0.7,1.42,3.5,-0.029364333,7.07,-2.17,1.55,3.75,0.027462468,7.07,-3.49,1.44,4,0.041444136,7.07,12.39,-0.02,-0.5,-0.0506045,2.13,-3.67,-1.25,-1,-0.073202447,2.13,-7.13,-1.13,-1.25,0.050220644,1.84,-8.5,-1.42,-1,0.117744866,1.84,4,4
8/31/2021,14268,7.07,1.59,3.5,-0.020256815,7.07,-0.7,1.68,3.5,-0.022587269,7.07,-2.17,1.38,3.5,-0.005796899,7.07,-3.49,1.59,3.75,0.000850581,7.07,12.39,0.27,-0.5,-0.045964661,2.13,-3.67,-0.51,-1,-0.04648523,2.13,-7.13,-1.6,-1.25,-0.023495385,1.84,-8.5,-1.11,-1.25,0.014415118,1.84,3.75,3.75
9/30/2021,14313,3.51,1.6,3.5,-0.038104839,7.07,7.07,1.33,3.5,0.016473887,7.07,-0.7,1.37,3.5,-0.10944206,7.07,-2.17,1.68,3.75,0.013269869,7.07,7,0.18,-0.5,-0.086361267,0,12.39,-0.63,-0.75,0.006633876,2.13,-3.67,-1.59,-1,-0.254565981,2.13,-7.13,-0.91,-1.25,0.049684045,1.84,3.75,3.75
10/31/2021,14168,3.51,1.66,3.5,-0.031247863,7.07,7.07,1.52,3.5,-0.009383562,7.07,-0.7,1.42,3.5,-0.029364333,7.07,-2.17,1.55,3.75,0.027462468,7.07,7,0.22,-0.5,-0.072691999,0,12.39,-0.02,-0.5,-0.0506045,2.13,-3.67,-1.25,-1,-0.073202447,2.13,-7.13,-1.13,-1.25,0.050220644,1.84,3.75,3.75
11/30/2021,14332,3.51,1.75,3.5,0.015014164,7.07,7.07,1.59,3.5,-0.020256815,7.07,-0.7,1.68,3.5,-0.022587269,7.07,-2.17,1.38,3.5,-0.005796899,7.07,7,0.16,-0.25,0.014163583,0,12.39,0.27,-0.5,-0.045964661,2.13,-3.67,-0.51,-1,-0.04648523,2.13,-7.13,-1.6,-1.25,-0.023495385,1.84,3.5,3.5
12/31/2021,14263,5.02,1.87,3.5,0.015160142,7.07,3.51,1.6,3.5,-0.038104839,7.07,7.07,1.33,3.5,0.016473887,7.07,-0.7,1.37,3.5,-0.10944206,7.07,7.19,0.19,-0.25,0.001890274,0,7,0.18,-0.5,-0.086361267,0,12.39,-0.63,-0.75,0.006633876,2.13,-3.67,-1.59,-1,-0.254565981,2.13,3.5,3.5
1/31/2022,14368,5.02,2.18,3.5,0.024091233,7.07,3.51,1.66,3.5,-0.031247863,7.07,7.07,1.52,3.5,-0.009383562,7.07,-0.7,1.42,3.5,-0.029364333,7.07,7.19,0.63,-0.25,-0.003371235,0,7,0.22,-0.5,-0.072691999,0,12.39,-0.02,-0.5,-0.0506045,2.13,-3.67,-1.25,-1,-0.073202447,2.13,3.5,3.5
2/28/2022,14382,5.02,2.06,3.5,0.01032666,7.07,3.51,1.75,3.5,0.015014164,7.07,7.07,1.59,3.5,-0.020256815,7.07,-0.7,1.68,3.5,-0.022587269,7.07,7.19,0.68,0,0.016123559,0,7,0.16,-0.25,0.014163583,0,12.39,0.27,-0.5,-0.045964661,2.13,-3.67,-0.51,-1,-0.04648523,2.13,3.5,3.5
3/31/2022,14363,5.01,2.64,3.5,-0.011153184,7.07,5.02,1.87,3.5,0.015160142,7.07,3.51,1.6,3.5,-0.038104839,7.07,7.07,1.33,3.5,0.016473887,7.07,5.71,1.27,0,0.098288876,0,7.19,0.19,-0.25,0.001890274,0,7,0.18,-0.5,-0.086361267,0,12.39,-0.63,-0.75,0.006633876,2.13,3.5,3.5
4/30/2022,14482,5.01,3.47,3.5,0.00256144,7.07,5.02,2.18,3.5,0.024091233,7.07,3.51,1.66,3.5,-0.031247863,7.07,7.07,1.52,3.5,-0.009383562,7.07,5.71,2.05,0,0.031925773,0,7.19,0.63,-0.25,-0.003371235,0,7,0.22,-0.5,-0.072691999,0,12.39,-0.02,-0.5,-0.0506045,2.13,3.5,3.5
5/31/2022,14578,5.01,3.55,3.5,0.020868347,7.07,5.02,2.06,3.5,0.01032666,7.07,3.51,1.75,3.5,0.015014164,7.07,7.07,1.59,3.5,-0.020256815,7.07,5.71,1.87,0,0.043455616,0,7.19,0.68,0,0.016123559,0,7,0.16,-0.25,0.014163583,0,12.39,0.27,-0.5,-0.045964661,2.13,3.5,3.5
6/30/2022,14903,5.01,4.35,3.5,0.027793103,7.07,5.01,2.64,3.5,-0.011153184,7.07,5.02,1.87,3.5,0.015160142,7.07,3.51,1.6,3.5,-0.038104839,7.07,-2.06,3.02,0,0.011319216,0,5.71,1.27,0,0.098288876,0,7.19,0.19,-0.25,0.001890274,0,7,0.18,-0.5,-0.086361267,0,3.5,3.5
7/31/2022,14834,5.44,4.94,3.5,0.025651663,7.07,5.01,3.47,3.5,0.00256144,7.07,5.02,2.18,3.5,0.024091233,7.07,3.51,1.66,3.5,-0.031247863,7.07,-1.63,3.42,0,0.035035225,0,5.71,2.05,0,0.031925773,0,7.19,0.63,-0.25,-0.003371235,0,7,0.22,-0.5,-0.072691999,0,3.5,3.5
8/31/2022,14843,5.44,4.69,3.75,0.040299972,7.07,5.01,3.55,3.5,0.020868347,7.07,5.02,2.06,3.5,0.01032666,7.07,3.51,1.75,3.5,0.015014164,7.07,-1.63,3.1,0.25,0.060556787,0,5.71,1.87,0,0.043455616,0,7.19,0.68,0,0.016123559,0,7,0.16,-0.25,0.014163583,0,3.5,3.5
9/30/2022,15228,5.73,5.95,4.25,0.063858031,7.07,5.01,4.35,3.5,0.027793103,7.07,5.01,2.64,3.5,-0.011153184,7.07,5.02,1.87,3.5,0.015160142,7.07,1.93,4.35,0.75,0.10196287,0,-2.06,3.02,0,0.011319216,0,5.71,1.27,0,0.098288876,0,7.19,0.19,-0.25,0.001890274,0,3.5,3.5
10/31/2022,15598,5.73,5.71,4.75,0.100931677,5.733333333,5.44,4.94,3.5,0.025651663,7.07,5.01,3.47,3.5,0.00256144,7.07,5.02,2.18,3.5,0.024091233,7.07,2.22,4.05,1.25,0.13217954,-1.336666667,-1.63,3.42,0,0.035035225,0,5.71,2.05,0,0.031925773,0,7.19,0.63,-0.25,-0.003371235,0,3.5,3.5
11/30/2022,15732,5.73,5.42,5.25,0.097683505,5.733333333,5.44,4.69,3.75,0.040299972,7.07,5.01,3.55,3.5,0.020868347,7.07,5.02,2.06,3.5,0.01032666,7.07,2.22,3.67,1.75,0.082669341,-1.336666667,-1.63,3.1,0.25,0.060556787,0,5.71,1.87,0,0.043455616,0,7.19,0.68,0,0.016123559,0,3.5,3.5
12/31/2022,15568,5.01,5.51,5.5,0.091495478,5.733333333,5.73,5.95,4.25,0.063858031,7.07,5.01,4.35,3.5,0.027793103,7.07,5.01,2.64,3.5,-0.011153184,7.07,-0.01,3.64,2,0.076335335,-1.336666667,2.22,4.35,0.75,0.10196287,0,-2.06,3.02,0,0.011319216,0,5.71,1.27,0,0.098288876,0,3.5,3.5
1/31/2023,14990,5.01,5.28,5.75,0.043290646,5.483333333,5.73,5.71,4.75,0.100931677,5.733333333,5.44,4.94,3.5,0.025651663,7.07,5.01,3.47,3.5,0.00256144,7.07,-0.01,3.1,2.25,0.019199413,-1.586666667,2.22,4.05,1.25,0.13217954,-1.336666667,-1.63,3.42,0,0.035035225,0,5.71,2.05,0,0.031925773,0,3.5,3.5
2/28/2023,15250,5.01,5.47,5.75,0.060353219,5.483333333,5.73,5.42,5.25,0.097683505,5.733333333,5.44,4.69,3.75,0.040299972,7.07,5.01,3.55,3.5,0.020868347,7.07,-0.01,3.41,2.25,0.05002656,-1.586666667,2.22,3.67,1.75,0.082669341,-1.336666667,-1.63,3.1,0.25,0.060556787,0,5.71,1.87,0,0.043455616,0,3.5,3.5
3/31/2023,15046.55556,4.81,5.154545455,5.821428571,0.047591419,5.6,5.01,5.51,5.5,0.091495478,5.733333333,5.73,5.95,4.25,0.063858031,7.07,5.01,4.35,3.5,0.027793103,7.07,-0.2,2.514545455,2.321428571,0.058744603,-1.47,-0.01,3.64,2,0.076335335,-1.336666667,2.22,4.35,0.75,0.10196287,0,-2.06,3.02,0,0.011319216,0,3.5,3.5
4/30/2023,15046.55556,4.81,5.154545455,5.821428571,0.038983259,5.6,5.01,5.28,5.75,0.043290646,5.483333333,5.73,5.71,4.75,0.100931677,5.733333333,5.44,4.94,3.5,0.025651663,7.07,-0.2,1.684545455,2.321428571,0.036421819,-1.47,-0.01,3.1,2.25,0.019199413,-1.586666667,2.22,4.05,1.25,0.13217954,-1.336666667,-1.63,3.42,0,0.035035225,0,3.5,3.5
5/31/2023,15046.55556,4.81,5.154545455,5.821428571,0.032141278,5.6,5.01,5.47,5.75,0.060353219,5.483333333,5.73,5.42,5.25,0.097683505,5.733333333,5.44,4.69,3.75,0.040299972,7.07,-0.2,1.604545455,2.321428571,0.011272931,-1.47,-0.01,3.41,2.25,0.05002656,-1.586666667,2.22,3.67,1.75,0.082669341,-1.336666667,-1.63,3.1,0.25,0.060556787,0,3.5,3.5
6/30/2023,15096,4.73,4.354545455,5.839285714,0.012950413,5.6,4.81,5.154545455,5.821428571,0.047591419,5.6,5.01,5.51,5.5,0.091495478,5.733333333,5.73,5.95,4.25,0.063858031,7.07,-0.28,0.004545455,2.339285714,-0.014842691,-1.47,-0.2,2.514545455,2.321428571,0.058744603,-1.47,-0.01,3.64,2,0.076335335,-1.336666667,2.22,4.35,0.75,0.10196287,0,3.5,3.5
7/31/2023,15096,4.73,4.354545455,5.839285714,0.017662128,5.6,4.81,5.154545455,5.821428571,0.038983259,5.6,5.01,5.28,5.75,0.043290646,5.483333333,5.73,5.71,4.75,0.100931677,5.733333333,-0.71,-0.585454545,2.339285714,-0.007989535,-1.47,-0.2,1.684545455,2.321428571,0.036421819,-1.47,-0.01,3.1,2.25,0.019199413,-1.586666667,2.22,4.05,1.25,0.13217954,-1.336666667,3.5,3.5
8/31/2023,15096,4.73,4.354545455,5.839285714,0.017045072,5.6,4.81,5.154545455,5.821428571,0.032141278,5.6,5.01,5.47,5.75,0.060353219,5.483333333,5.73,5.42,5.25,0.097683505,5.733333333,-0.71,-0.335454545,2.089285714,-0.0232549,-1.47,-0.2,1.604545455,2.321428571,0.011272931,-1.47,-0.01,3.41,2.25,0.05002656,-1.586666667,2.22,3.67,1.75,0.082669341,-1.336666667,3.75,3.75
9/30/2023,14937.33333,4.92,3.7,5.857142857,-0.019087646,5.6,4.73,4.354545455,5.839285714,0.012950413,5.6,4.81,5.154545455,5.821428571,0.047591419,5.6,5.01,5.51,5.5,0.091495478,5.733333333,-0.81,-2.25,1.607142857,-0.082945677,-1.47,-0.28,0.004545455,2.339285714,-0.014842691,-1.47,-0.2,2.514545455,2.321428571,0.058744603,-1.47,-0.01,3.64,2,0.076335335,-1.336666667,4.25,4.25
10/31/2023,14937.33333,4.92,3.7,5.857142857,-0.042355858,5.6,4.73,4.354545455,5.839285714,0.017662128,5.6,4.81,5.154545455,5.821428571,0.038983259,5.6,5.01,5.28,5.75,0.043290646,5.483333333,-0.81,-2.01,1.107142857,-0.143287535,-0.133333333,-0.71,-0.585454545,2.339285714,-0.007989535,-1.47,-0.2,1.684545455,2.321428571,0.036421819,-1.47,-0.01,3.1,2.25,0.019199413,-1.586666667,4.75,4.75
11/30/2023,14937.33333,4.92,3.7,5.857142857,-0.050512755,5.6,4.73,4.354545455,5.839285714,0.017045072,5.6,4.81,5.154545455,5.821428571,0.032141278,5.6,5.01,5.47,5.75,0.060353219,5.483333333,-0.81,-1.72,0.607142857,-0.148196261,-0.133333333,-0.71,-0.335454545,2.089285714,-0.0232549,-1.47,-0.2,1.604545455,2.321428571,0.011272931,-1.47,-0.01,3.41,2.25,0.05002656,-1.586666667,5.25,5.25
12/31/2023,14781.13333,4.86,3.545454545,5.803571429,-0.050543851,5.6,4.92,3.7,5.857142857,-0.019087646,5.6,4.73,4.354545455,5.839285714,0.012950413,5.6,4.81,5.154545455,5.821428571,0.047591419,5.6,-0.15,-1.964545455,0.303571429,-0.142039328,-0.133333333,-0.81,-2.25,1.607142857,-0.082945677,-1.47,-0.28,0.004545455,2.339285714,-0.014842691,-1.47,-0.2,2.514545455,2.321428571,0.058744603,-1.47,5.5,5.5
1/31/2024,14487,4.86,3.545454545,5.803571429,-0.033555704,5.3,4.92,3.7,5.857142857,-0.042355858,5.6,4.73,4.354545455,5.839285714,0.017662128,5.6,4.81,5.154545455,5.821428571,0.038983259,5.6,-0.15,-1.734545455,0.053571429,-0.07684635,-0.183333333,-0.81,-2.01,1.107142857,-0.143287535,-0.133333333,-0.71,-0.585454545,2.339285714,-0.007989535,-1.47,-0.2,1.684545455,2.321428571,0.036421819,-1.47,5.75,5.75
2/29/2024,14487,4.86,3.545454545,5.803571429,-0.050032787,5.3,4.92,3.7,5.857142857,-0.050512755,5.6,4.73,4.354545455,5.839285714,0.017045072,5.6,4.81,5.154545455,5.821428571,0.032141278,5.6,-0.15,-1.924545455,0.053571429,-0.110386006,-0.183333333,-0.81,-1.72,0.607142857,-0.148196261,-0.133333333,-0.71,-0.335454545,2.089285714,-0.0232549,-1.47,-0.2,1.604545455,2.321428571,0.011272931,-1.47,5.75,5.75
3/31/2024,14595.625,4.92,3.463636364,5.607142857,-0.029969022,5.3,4.86,3.545454545,5.803571429,-0.050543851,5.6,4.92,3.7,5.857142857,-0.019087646,5.6,4.73,4.354545455,5.839285714,0.012950413,5.6,0.11,-1.690909091,-0.214285714,-0.077560441,-0.3,-0.15,-1.964545455,0.303571429,-0.142039328,-0.133333333,-0.81,-2.25,1.607142857,-0.082945677,-1.47,-0.28,0.004545455,2.339285714,-0.014842691,-1.47,5.821428571,5.821428571
4/30/2024,14487,4.92,3.463636364,5.607142857,-0.037188282,5.3,4.86,3.545454545,5.803571429,-0.033555704,5.3,4.92,3.7,5.857142857,-0.042355858,5.6,4.73,4.354545455,5.839285714,0.017662128,5.6,0.11,-1.690909091,-0.214285714,-0.076171541,-0.3,-0.15,-1.734545455,0.053571429,-0.07684635,-0.183333333,-0.81,-2.01,1.107142857,-0.143287535,-0.133333333,-0.71,-0.585454545,2.339285714,-0.007989535,-1.47,5.821428571,5.821428571
5/31/2024,14487,4.92,3.463636364,5.607142857,-0.037188282,5.3,4.86,3.545454545,5.803571429,-0.050032787,5.3,4.92,3.7,5.857142857,-0.050512755,5.6,4.73,4.354545455,5.839285714,0.017045072,5.6,0.11,-1.690909091,-0.214285714,-0.069329561,-0.3,-0.15,-1.924545455,0.053571429,-0.110386006,-0.183333333,-0.81,-1.72,0.607142857,-0.148196261,-0.133333333,-0.71,-0.335454545,2.089285714,-0.0232549,-1.47,5.821428571,5.821428571
6/30/2024,14551.86667,5.03,3.427272727,5.357142857,-0.036044868,5.3,4.92,3.463636364,5.607142857,-0.029969022,5.3,4.86,3.545454545,5.803571429,-0.050543851,5.6,4.92,3.7,5.857142857,-0.019087646,5.6,0.3,-0.927272727,-0.482142857,-0.048995281,-0.3,0.11,-1.690909091,-0.214285714,-0.077560441,-0.3,-0.15,-1.964545455,0.303571429,-0.142039328,-0.133333333,-0.81,-2.25,1.607142857,-0.082945677,-1.47,5.839285714,5.839285714
7/31/2024,14551.86667,5.03,3.427272727,5.357142857,-0.036044868,5.3,4.92,3.463636364,5.607142857,-0.037188282,5.3,4.86,3.545454545,5.803571429,-0.033555704,5.3,4.92,3.7,5.857142857,-0.042355858,5.6,0.3,-0.927272727,-0.482142857,-0.053706996,-0.3,0.11,-1.690909091,-0.214285714,-0.076171541,-0.3,-0.15,-1.734545455,0.053571429,-0.07684635,-0.183333333,-0.81,-2.01,1.107142857,-0.143287535,-0.133333333,5.839285714,5.839285714
8/31/2024,14551.86667,5.03,3.427272727,5.357142857,-0.036044868,5.3,4.92,3.463636364,5.607142857,-0.037188282,5.3,4.86,3.545454545,5.803571429,-0.050032787,5.3,4.92,3.7,5.857142857,-0.050512755,5.6,0.3,-0.927272727,-0.482142857,-0.05308994,-0.3,0.11,-1.690909091,-0.214285714,-0.069329561,-0.3,-0.15,-1.924545455,0.053571429,-0.110386006,-0.183333333,-0.81,-1.72,0.607142857,-0.148196261,-0.133333333,5.839285714,5.839285714
9/30/2024,14551.86667,5.066666667,3.211111111,5.125,-0.025805588,5.3,5.03,3.427272727,5.357142857,-0.036044868,5.3,4.92,3.463636364,5.607142857,-0.029969022,5.3,4.86,3.545454545,5.803571429,-0.050543851,5.6,0.146666667,-0.488888889,-0.732142857,-0.006717942,-0.3,0.3,-0.927272727,-0.482142857,-0.048995281,-0.3,0.11,-1.690909091,-0.214285714,-0.077560441,-0.3,-0.15,-1.964545455,0.303571429,-0.142039328,-0.133333333,5.857142857,5.857142857
10/31/2024,14551.86667,5.066666667,3.211111111,5.125,-0.025805588,5.3,5.03,3.427272727,5.357142857,-0.036044868,5.3,4.92,3.463636364,5.607142857,-0.037188282,5.3,4.86,3.545454545,5.803571429,-0.033555704,5.3,0.146666667,-0.488888889,-0.732142857,0.01655027,-0.3,0.3,-0.927272727,-0.482142857,-0.053706996,-0.3,0.11,-1.690909091,-0.214285714,-0.076171541,-0.3,-0.15,-1.734545455,0.053571429,-0.07684635,-0.183333333,5.857142857,5.857142857
11/30/2024,14551.86667,5.066666667,3.211111111,5.125,-0.025805588,5.3,5.03,3.427272727,5.357142857,-0.036044868,5.3,4.92,3.463636364,5.607142857,-0.037188282,5.3,4.86,3.545454545,5.803571429,-0.050032787,5.3,0.146666667,-0.488888889,-0.732142857,0.024707168,-0.3,0.3,-0.927272727,-0.482142857,-0.05308994,-0.3,0.11,-1.690909091,-0.214285714,-0.069329561,-0.3,-0.15,-1.924545455,0.053571429,-0.110386006,-0.183333333,5.857142857,5.857142857
12/31/2024,14637.7,5.5,3.2,4.964285714,-0.009703812,5.3,5.066666667,3.211111111,5.125,-0.025805588,5.3,5.03,3.427272727,5.357142857,-0.036044868,5.3,4.92,3.463636364,5.607142857,-0.029969022,5.3,0.64,-0.345454545,-0.839285714,0.040840039,-0.3,0.146666667,-0.488888889,-0.732142857,-0.006717942,-0.3,0.3,-0.927272727,-0.482142857,-0.048995281,-0.3,0.11,-1.690909091,-0.214285714,-0.077560441,-0.3,5.803571429,5.803571429
1/31/2025,14637.7,5.5,3.2,4.964285714,0.01040243,5.2,5.066666667,3.211111111,5.125,-0.025805588,5.3,5.03,3.427272727,5.357142857,-0.036044868,5.3,4.92,3.463636364,5.607142857,-0.037188282,5.3,0.64,-0.345454545,-0.839285714,0.043958134,-0.1,0.146666667,-0.488888889,-0.732142857,0.01655027,-0.3,0.3,-0.927272727,-0.482142857,-0.053706996,-0.3,0.11,-1.690909091,-0.214285714,-0.076171541,-0.3,5.803571429,5.803571429
2/28/2025,14637.7,5.5,3.2,4.964285714,0.01040243,5.2,5.066666667,3.211111111,5.125,-0.025805588,5.3,5.03,3.427272727,5.357142857,-0.036044868,5.3,4.92,3.463636364,5.607142857,-0.037188282,5.3,0.64,-0.345454545,-0.839285714,0.060435217,-0.1,0.146666667,-0.488888889,-0.732142857,0.024707168,-0.3,0.3,-0.927272727,-0.482142857,-0.05308994,-0.3,0.11,-1.690909091,-0.214285714,-0.069329561,-0.3,5.803571429,5.803571429
3/31/2025,14637.7,5.5,3.2,4.772727273,0.002882713,5.2,5.5,3.2,4.964285714,-0.009703812,5.3,5.066666667,3.211111111,5.125,-0.025805588,5.3,5.03,3.427272727,5.357142857,-0.036044868,5.3,0.58,-0.263636364,-0.834415584,0.032851735,-0.1,0.64,-0.345454545,-0.839285714,0.040840039,-0.3,0.146666667,-0.488888889,-0.732142857,-0.006717942,-0.3,0.3,-0.927272727,-0.482142857,-0.048995281,-0.3,5.607142857,5.607142857
4/30/2025,14637.7,5.5,3.2,4.772727273,0.01040243,5.2,5.5,3.2,4.964285714,0.01040243,5.2,5.066666667,3.211111111,5.125,-0.025805588,5.3,5.03,3.427272727,5.357142857,-0.036044868,5.3,0.58,-0.263636364,-0.834415584,0.047590712,-0.1,0.64,-0.345454545,-0.839285714,0.043958134,-0.1,0.146666667,-0.488888889,-0.732142857,0.01655027,-0.3,0.3,-0.927272727,-0.482142857,-0.053706996,-0.3,5.607142857,5.607142857
5/31/2025,14637.7,5.5,3.2,4.772727273,0.01040243,5.2,5.5,3.2,4.964285714,0.01040243,5.2,5.066666667,3.211111111,5.125,-0.025805588,5.3,5.03,3.427272727,5.357142857,-0.036044868,5.3,0.58,-0.263636364,-0.834415584,0.047590712,-0.1,0.64,-0.345454545,-0.839285714,0.060435217,-0.1,0.146666667,-0.488888889,-0.732142857,0.024707168,-0.3,0.3,-0.927272727,-0.482142857,-0.05308994,-0.3,5.607142857,5.607142857
6/30/2025,14637.7,5.5,3.2,4.704545455,0.005898441,5.2,5.5,3.2,4.772727273,0.002882713,5.2,5.5,3.2,4.964285714,-0.009703812,5.3,5.066666667,3.211111111,5.125,-0.025805588,5.3,0.47,-0.227272727,-0.652597403,0.04194331,-0.1,0.58,-0.263636364,-0.834415584,0.032851735,-0.1,0.64,-0.345454545,-0.839285714,0.040840039,-0.3,0.146666667,-0.488888889,-0.732142857,-0.006717942,-0.3,5.357142857,5.357142857
7/31/2025,14637.7,5.5,3.2,4.704545455,0.005898441,5.2,5.5,3.2,4.772727273,0.01040243,5.2,5.5,3.2,4.964285714,0.01040243,5.2,5.066666667,3.211111111,5.125,-0.025805588,5.3,0.47,-0.227272727,-0.652597403,0.04194331,-0.1,0.58,-0.263636364,-0.834415584,0.047590712,-0.1,0.64,-0.345454545,-0.839285714,0.043958134,-0.1,0.146666667,-0.488888889,-0.732142857,0.01655027,-0.3,5.357142857,5.357142857
8/31/2025,14637.7,5.5,3.2,4.704545455,0.005898441,5.2,5.5,3.2,4.772727273,0.01040243,5.2,5.5,3.2,4.964285714,0.01040243,5.2,5.066666667,3.211111111,5.125,-0.025805588,5.3,0.47,-0.227272727,-0.652597403,0.04194331,-0.1,0.58,-0.263636364,-0.834415584,0.047590712,-0.1,0.64,-0.345454545,-0.839285714,0.060435217,-0.1,0.146666667,-0.488888889,-0.732142857,0.024707168,-0.3,5.357142857,5.357142857
9/30/2025,14637.7,5.5,3.2,4.704545455,0.005898441,5.2,5.5,3.2,4.704545455,0.005898441,5.2,5.5,3.2,4.772727273,0.002882713,5.2,5.5,3.2,4.964285714,-0.009703812,5.3,0.433333333,-0.011111111,-0.420454545,0.031704029,-0.1,0.47,-0.227272727,-0.652597403,0.04194331,-0.1,0.58,-0.263636364,-0.834415584,0.032851735,-0.1,0.64,-0.345454545,-0.839285714,0.040840039,-0.3,5.125,5.125
10/31/2025,14637.7,5.5,3.2,4.704545455,0.005898441,5.2,5.5,3.2,4.704545455,0.005898441,5.2,5.5,3.2,4.772727273,0.01040243,5.2,5.5,3.2,4.964285714,0.01040243,5.2,0.433333333,-0.011111111,-0.420454545,0.031704029,-0.1,0.47,-0.227272727,-0.652597403,0.04194331,-0.1,0.58,-0.263636364,-0.834415584,0.047590712,-0.1,0.64,-0.345454545,-0.839285714,0.043958134,-0.1,5.125,5.125
11/30/2025,14637.7,5.5,3.2,4.704545455,0.005898441,5.2,5.5,3.2,4.704545455,0.005898441,5.2,5.5,3.2,4.772727273,0.01040243,5.2,5.5,3.2,4.964285714,0.01040243,5.2,0.433333333,-0.011111111,-0.420454545,0.031704029,-0.1,0.47,-0.227272727,-0.652597403,0.04194331,-0.1,0.58,-0.263636364,-0.834415584,0.047590712,-0.1,0.64,-0.345454545,-0.839285714,0.060435217,-0.1,5.125,5.125
12/31/2025,14637.7,5.5,3.2,4.704545455,0,5.2,5.5,3.2,4.704545455,0.005898441,5.2,5.5,3.2,4.704545455,0.005898441,5.2,5.5,3.2,4.772727273,0.002882713,5.2,0,0,-0.25974026,0.009703812,-0.1,0.433333333,-0.011111111,-0.420454545,0.031704029,-0.1,0.47,-0.227272727,-0.652597403,0.04194331,-0.1,0.58,-0.263636364,-0.834415584,0.032851735,-0.1,4.964285714,4.964285714
,,,,,,,,,,,,,,,,,,,,,,,,,,,,,,,,,,,,,,,,,,,
,,,,,,,,,,,,,,,,,,,,,,,,,,,,,,,,,,,,,,,,,,,
,,,,,,,,,,,,,,,,,,,,,,,,,,,,,,,,,,,,,,,,,,,
,,,,,,,,,,,,,,,,,,,,,,,,,,,,,,,,,,,,,,,,,,,
,,,,,,,,,,,,,,,,,,,,,,,,,,,,,,,,,,,,,,,,,,,
,,,,,,,,,,,,,,,,,,,,,,,,,,,,,,,,,,,,,,,,,,,
,,,,,,,,,,,,,,,,,,,,,,,,,,,,,,,,,,,,,,,,,,,
,,,,,,,,,,,,,,,,,,,,,,,,,,,,,,,,,,,,,,,,,,,
,,,,,,,,,,,,,,,,,,,,,,,,,,,,,,,,,,,,,,,,,,,
,,,,,,,,,,,,,,,,,,,,,,,,,,,,,,,,,,,,,,,,,,,
,,,,,,,,,,,,,,,,,,,,,,,,,,,,,,,,,,,,,,,,,,,
,,,,,,,,,,,,,,,,,,,,,,,,,,,,,,,,,,,,,,,,,,,
,,,,,,,,,,,,,,,,,,,,,,,,,,,,,,,,,,,,,,,,,,,
,,,,,,,,,,,,,,,,,,,,,,,,,,,,,,,,,,,,,,,,,,,
,,,,,,,,,,,,,,,,,,,,,,,,,,,,,,,,,,,,,,,,,,,
,,,,,,,,,,,,,,,,,,,,,,,,,,,,,,,,,,,,,,,,,,,
,,,,,,,,,,,,,,,,,,,,,,,,,,,,,,,,,,,,,,,,,,,
,,,,,,,,,,,,,,,,,,,,,,,,,,,,,,,,,,,,,,,,,,,
,,,,,,,,,,,,,,,,,,,,,,,,,,,,,,,,,,,,,,,,,,,
,,,,,,,,,,,,,,,,,,,,,,,,,,,,,,,,,,,,,,,,,,,
,,,,,,,,,,,,,,,,,,,,,,,,,,,,,,,,,,,,,,,,,,,
,,,,,,,,,,,,,,,,,,,,,,,,,,,,,,,,,,,,,,,,,,,
,,,,,,,,,,,,,,,,,,,,,,,,,,,,,,,,,,,,,,,,,,,
,,,,,,,,,,,,,,,,,,,,,,,,,,,,,,,,,,,,,,,,,,,
,,,,,,,,,,,,,,,,,,,,,,,,,,,,,,,,,,,,,,,,,,,
,,,,,,,,,,,,,,,,,,,,,,,,,,,,,,,,,,,,,,,,,,,
,,,,,,,,,,,,,,,,,,,,,,,,,,,,,,,,,,,,,,,,,,,
,,,,,,,,,,,,,,,,,,,,,,,,,,,,,,,,,,,,,,,,,,,
,,,,,,,,,,,,,,,,,,,,,,,,,,,,,,,,,,,,,,,,,,,
,,,,,,,,,,,,,,,,,,,,,,,,,,,,,,,,,,,,,,,,,,,
,,,,,,,,,,,,,,,,,,,,,,,,,,,,,,,,,,,,,,,,,,,
,,,,,,,,,,,,,,,,,,,,,,,,,,,,,,,,,,,,,,,,,,,
,,,,,,,,,,,,,,,,,,,,,,,,,,,,,,,,,,,,,,,,,,,
,,,,,,,,,,,,,,,,,,,,,,,,,,,,,,,,,,,,,,,,,,,
,,,,,,,,,,,,,,,,,,,,,,,,,,,,,,,,,,,,,,,,,,,
,,,,,,,,,,,,,,,,,,,,,,,,,,,,,,,,,,,,,,,,,,,
,,,,,,,,,,,,,,,,,,,,,,,,,,,,,,,,,,,,,,,,,,,
